first_name,last_name,email,profile_picture_image_url,title,cell_phone,manager_email,name_of_team_they_manage,hire_date,office_name
Danny,Davidson,danny@acme.com,http://api.randomuser.me/portraits/men/71.jpg,COO,415-583-3824,tracy@acme.com,Operations,2010-03-18,Headquarters
Sandra,Torres,sandra@acme.com,http://api.randomuser.me/portraits/women/50.jpg,VP Finance,415-570-5474,tracy@acme.com,Finance,2008-12-01,Headquarters
Tracy,Kelly,tracy@acme.com,http://api.randomuser.me/portraits/men/34.jpg,CEO,,,Executive Staff,2007-08-08,Headquarters
Duane,Mendoza,duane@acme.com,http://api.randomuser.me/portraits/men/89.jpg,CTO,415-541-1262,tracy@acme.com,,2007-08-08,Headquarters
Alexis,Carpenter,alexis@acme.com,http://api.randomuser.me/portraits/women/85.jpg,VP Marketing,415-742-5722,tracy@acme.com,Marketing,2008-02-13,Headquarters
Walter,Jordan,walter@acme.com,http://api.randomuser.me/portraits/men/57.jpg,SVP Sales,415-816-6335,tracy@acme.com,Worldwide Sales,2011-06-03,Headquarters
Troy,Thomas,troy@acme.com,http://api.randomuser.me/portraits/men/87.jpg,Executive Assistant,,tracy@acme.com,,2013-08-04,Headquarters
Arianna,Nelson,arianna@acme.com,http://api.randomuser.me/portraits/women/28.jpg,VP Customer Support,415-510-0664,danny@acme.com,Customer Suport,2010-07-22,Headquarters
Randall,Hart,randall@acme.com,http://api.randomuser.me/portraits/men/37.jpg,Customer Support Manager,415-645-4100,arianna@acme.com,Customer Support,2013-01-14,Headquarters
Landon,Baker,landon@acme.com,http://api.randomuser.me/portraits/men/36.jpg,Customer Support Manager,,arianna@acme.com,East Coast Support,2012-04-11,DC Office
Ruby,Shaw,ruby@acme.com,http://api.randomuser.me/portraits/women/45.jpg,Customer Support Manager,,arianna@acme.com,EMEA Support,2011-04-02,London Office
Marc,Anderson,manderson@acme.com,http://api.randomuser.me/portraits/men/61.jpg,Customer Service Agent,415-672-5867,randall@acme.com,,2014-02-01,Headquarters
Marc,Wagner,marc@acme.com,http://api.randomuser.me/portraits/men/96.jpg,Customer Service Agent,415-265-6427,randall@acme.com,,2014-01-17,Headquarters
Meghan,Ward,meghan@acme.com,http://api.randomuser.me/portraits/women/68.jpg,Customer Service Agent,415-708-3826,randall@acme.com,,2013-11-13,Headquarters
Becky,Davidson,becky@acme.com,http://api.randomuser.me/portraits/women/73.jpg,Customer Service Agent,415-530-2155,randall@acme.com,,2012-12-09,Headquarters
Gabriella,Lopez,gabriella@acme.com,http://api.randomuser.me/portraits/women/48.jpg,Customer Service Agent,415-636-0120,randall@acme.com,,2012-08-29,Headquarters
William,Fletcher,william@acme.com,http://api.randomuser.me/portraits/men/74.jpg,Customer Service Agent,415-526-1281,randall@acme.com,,2010-12-08,Headquarters
Jayden,Ross,jayden@acme.com,http://api.randomuser.me/portraits/men/17.jpg,Customer Service Agent,415-641-5370,randall@acme.com,,2013-01-02,Headquarters
Mason,Craig,mason@acme.com,http://api.randomuser.me/portraits/men/73.jpg,Customer Service Agent,415-678-1017,randall@acme.com,,2013-03-20,Headquarters
Emma,Hernandez,emma@acme.com,http://api.randomuser.me/portraits/women/28.jpg,Customer Service Agent,415-242-0287,randall@acme.com,,2013-06-11,Headquarters
Bessie,Wood,bessie@acme.com,http://api.randomuser.me/portraits/women/42.jpg,Customer Service Agent,,randall@acme.com,,2013-12-29,Headquarters
Carter,Mitchelle,carter@acme.com,http://api.randomuser.me/portraits/men/88.jpg,Customer Service Agent,,randall@acme.com,,2012-10-29,Headquarters
Marjorie,Elliott,marjorie@acme.com,http://api.randomuser.me/portraits/women/73.jpg,Customer Service Agent,,landon@acme.com,,2012-07-21,DC Office
Rachel,Garrett,rachel@acme.com,http://api.randomuser.me/portraits/women/51.jpg,Customer Service Agent,,landon@acme.com,,2012-12-18,DC Office
Derrick,Murray,derrick@acme.com,http://api.randomuser.me/portraits/men/54.jpg,Customer Service Agent,,landon@acme.com,,2011-08-23,DC Office
Marie,Burke,marie@acme.com,http://api.randomuser.me/portraits/women/32.jpg,Customer Service Agent,,landon@acme.com,,2012-03-21,DC Office
Nora,Reyes,nora@acme.com,http://api.randomuser.me/portraits/women/46.jpg,Customer Service Agent,,landon@acme.com,,2011-06-08,DC Office
Ted,Castro,ted@acme.com,http://api.randomuser.me/portraits/men/84.jpg,Customer Service Agent,,ruby@acme.com,,2013-05-10,London Office
Sarah,Harper,sarah@acme.com,http://api.randomuser.me/portraits/women/71.jpg,Customer Service Agent,,ruby@acme.com,,2013-09-23,London Office
Sherri,Robinson,sherri@acme.com,http://api.randomuser.me/portraits/women/55.jpg,Customer Service Agent,,ruby@acme.com,,2012-11-28,London Office
Deann,Ford,deann@acme.com,http://api.randomuser.me/portraits/women/55.jpg,"GM, Washington DC",,danny@acme.com,DC Operations,2013-05-09,DC Office
Meghan,Green,mgreen@acme.com,http://api.randomuser.me/portraits/women/34.jpg,"GM, London",,danny@acme.com,London Operations,2013-10-25,London Office
Yvonne,Frazier,yvonne@acme.com,http://api.randomuser.me/portraits/women/2.jpg,Office Manager,,deann@acme.com,,2013-01-31,DC Office
Emily,Wilson,emily@acme.com,http://api.randomuser.me/portraits/women/83.jpg,Office Manager,,mgreen@acme.com,,2010-08-03,London Office
Johnny,Cruz,johnny@acme.com,http://api.randomuser.me/portraits/men/75.jpg,Office Manager,,danny@acme.com,,2010-11-02,Headquarters
Serenity,Reynolds,serenity@acme.com,http://api.randomuser.me/portraits/women/81.jpg,IT Manager,415-625-7610,danny@acme.com,IT,2011-06-04,Headquarters
Rick,Chapman,rick@acme.com,http://api.randomuser.me/portraits/men/89.jpg,Head of People Operations,,danny@acme.com,People Operations,2011-05-07,Headquarters
Marie,Collins,mcollins@acme.com,http://api.randomuser.me/portraits/women/95.jpg,Lead Recruiter,415-816-1636,rick@acme.com,Recruiting,2014-03-21,Headquarters
Bobby,Barrett,bobby@acme.com,http://api.randomuser.me/portraits/men/74.jpg,Human Resources,,rick@acme.com,,2009-12-13,Headquarters
Ethan,Scott,ethan@acme.com,http://api.randomuser.me/portraits/men/88.jpg,Internal Communications,,rick@acme.com,,2010-07-12,Headquarters
Marshall,Flores,marshall@acme.com,http://api.randomuser.me/portraits/men/70.jpg,Recruiter,415-574-8453,mcollins@acme.com,,2012-12-07,Headquarters
Brian,Russell,brian@acme.com,http://api.randomuser.me/portraits/men/67.jpg,IT Specialist,,serenity@acme.com,,2011-02-17,Headquarters
Don,Spencer,don@acme.com,http://api.randomuser.me/portraits/men/22.jpg,VP Engineering,415-666-7826,duane@acme.com,Engineering,2012-09-05,Headquarters
Dora,Montgomery,dora@acme.com,http://api.randomuser.me/portraits/women/65.jpg,Director of Product,,duane@acme.com,Product,2012-12-06,Headquarters
Isaiah,Johnson,isaiah@acme.com,http://api.randomuser.me/portraits/men/32.jpg,Senior Product Manager,415-707-0744,dora@acme.com,,2010-01-22,Headquarters
Michele,Mason,michele@acme.com,http://api.randomuser.me/portraits/women/22.jpg,Mobile Product Manager,415-845-3024,dora@acme.com,,2013-09-21,Headquarters
Teresa,Fuller,teresa@acme.com,http://api.randomuser.me/portraits/women/59.jpg,Associate Product Manager,415-204-5163,isaiah@acme.com,,2010-11-16,Headquarters
Hunter,Murray,hunter@acme.com,http://api.randomuser.me/portraits/men/25.jpg,Product Manager,415-816-8608,dora@acme.com,,2011-01-01,Headquarters
Nathan,Olson,nathan@acme.com,http://api.randomuser.me/portraits/men/32.jpg,Product Designer,415-653-6680,gladys@acme.com,,2012-01-31,Headquarters
Bertha,Rodriguez,bertha@acme.com,http://api.randomuser.me/portraits/women/37.jpg,UX Designer,415-576-1272,gladys@acme.com,,2012-10-05,Headquarters
Gladys,Gilbert,gladys@acme.com,http://api.randomuser.me/portraits/women/57.jpg,Sr. UX Designer,415-857-6800,dora@acme.com,Design & UX,2014-03-02,Headquarters
Charles,Chambers,charles@acme.com,http://api.randomuser.me/portraits/men/14.jpg,DevOps Director,415-565-0188,don@acme.com,DevOps,2015-03-12,Headquarters
Amelia,Miller,amelia@acme.com,http://api.randomuser.me/portraits/women/38.jpg,DevOps Engineer,415-723-8653,charles@acme.com,,2014-01-16,Headquarters
Becky,Sims,bsims@acme.com,http://api.randomuser.me/portraits/women/77.jpg,DevOps Engineer,415-415-3388,charles@acme.com,,2012-11-26,Headquarters
Alan,Burton,alan@acme.com,http://api.randomuser.me/portraits/men/11.jpg,DevOps Engineer,415-576-0570,charles@acme.com,,2012-06-05,Headquarters
Loretta,Pearson,loretta@acme.com,http://api.randomuser.me/portraits/women/58.jpg,QA Director,,don@acme.com,QA,2013-10-12,Headquarters
Roland,Jensen,roland@acme.com,http://api.randomuser.me/portraits/men/77.jpg,Sr. QA Engineer,415-257-5044,loretta@acme.com,,2013-11-04,Headquarters
Alberto,Armstrong,alberto@acme.com,http://api.randomuser.me/portraits/men/14.jpg,Senior QA Engineer,,loretta@acme.com,,2012-01-10,Headquarters
Freddie,Walters,freddie@acme.com,http://api.randomuser.me/portraits/men/33.jpg,QA Engineer,,loretta@acme.com,,2010-07-02,Headquarters
Luke,Morris,luke@acme.com,http://api.randomuser.me/portraits/men/10.jpg,QA Engineer,415-227-1051,loretta@acme.com,,2012-11-22,Headquarters
Anita,Lucas,anita@acme.com,http://api.randomuser.me/portraits/women/34.jpg,QA Engineer,,loretta@acme.com,,2013-03-31,Headquarters
Manuel,Alvarez,manuel@acme.com,http://api.randomuser.me/portraits/men/69.jpg,Associate QA Engineer,,loretta@acme.com,,2015-07-14,Headquarters
Louise,Riley,louise@acme.com,http://api.randomuser.me/portraits/women/47.jpg,Senior QA Engineer,,loretta@acme.com,,2012-09-14,Headquarters
Jeff,Myers,jeff@acme.com,http://api.randomuser.me/portraits/men/5.jpg,Engineering Director,,don@acme.com,Engineering,2012-04-21,Headquarters
Leslie,Gonzales,leslie@acme.com,http://api.randomuser.me/portraits/men/58.jpg,Engineering Manager,,jeff@acme.com,,2012-08-08,Headquarters
Samuel,Harris,samuel@acme.com,http://api.randomuser.me/portraits/men/18.jpg,Engineering Manager,,jeff@acme.com,,2014-01-20,Headquarters
Sonia,Cole,sonia@acme.com,http://api.randomuser.me/portraits/women/25.jpg,Director of Mobile,,don@acme.com,Mobile,2013-07-01,Headquarters
Terry,Taylor,terry@acme.com,http://api.randomuser.me/portraits/men/61.jpg,Sr. iOS Developer,415-303-0460,sonia@acme.com,,2015-06-08,Headquarters
Brad,Douglas,brad@acme.com,http://api.randomuser.me/portraits/men/65.jpg,iOS Developer,415-886-1040,sonia@acme.com,,2013-08-17,Headquarters
Erik,Riley,erik@acme.com,http://api.randomuser.me/portraits/men/45.jpg,iOS Engineer,,sonia@acme.com,,2009-07-02,Headquarters
Richard,Alvarez,richard@acme.com,http://api.randomuser.me/portraits/men/69.jpg,Sr. Android Engineer,,sonia@acme.com,,2010-09-19,Headquarters
Joan,Day,joan@acme.com,http://api.randomuser.me/portraits/women/91.jpg,Sr. Android Developer,,sonia@acme.com,,2011-01-19,Headquarters
Roberta,James,roberta@acme.com,http://api.randomuser.me/portraits/women/64.jpg,Senior Software Engineer,,leslie@acme.com,,2012-02-07,Headquarters
Harold,Brewer,harold@acme.com,http://api.randomuser.me/portraits/men/52.jpg,Sr. Software Engineer,,leslie@acme.com,,2009-12-24,Headquarters
Ida,Simpson,ida@acme.com,http://api.randomuser.me/portraits/women/65.jpg,Associate Software Engineer,,leslie@acme.com,,2013-12-23,Headquarters
Dianne,Moore,dianne@acme.com,http://api.randomuser.me/portraits/women/23.jpg,Software Engineer,415-244-6500,leslie@acme.com,,2014-01-18,Headquarters
Alfred,Jimenez,alfred@acme.com,http://api.randomuser.me/portraits/men/87.jpg,Software Developer,415-240-1477,leslie@acme.com,,2011-09-09,Headquarters
Matthew,Williamson,matthew@acme.com,http://api.randomuser.me/portraits/men/72.jpg,Software Developer,415-227-6806,leslie@acme.com,,2014-01-20,Headquarters
Darryl,Shaw,darryl@acme.com,http://api.randomuser.me/portraits/men/19.jpg,Software Engineer,415-286-5377,leslie@acme.com,,2011-01-11,Headquarters
Gene,Price,gene@acme.com,http://api.randomuser.me/portraits/men/24.jpg,Software Developer,415-424-7483,leslie@acme.com,,2015-01-05,Headquarters
Mabel,Morrison,mabel@acme.com,http://api.randomuser.me/portraits/women/80.jpg,Associate Software Engineer,,leslie@acme.com,,2013-03-14,Headquarters
Kay,Carlson,kay@acme.com,http://api.randomuser.me/portraits/women/23.jpg,Software Developer,,leslie@acme.com,,2015-01-12,Headquarters
Gordon,Crawford,gordon@acme.com,http://api.randomuser.me/portraits/men/52.jpg,Senior Software Engineer,,samuel@acme.com,,2012-10-15,Headquarters
Ramona,Barrett,ramona@acme.com,http://api.randomuser.me/portraits/women/8.jpg,Senior Software Engineer,,samuel@acme.com,,2012-01-30,Headquarters
Shannon,Carter,shannon@acme.com,http://api.randomuser.me/portraits/women/63.jpg,Senior Software Engineer,,jeff@acme.com,,2011-08-15,Headquarters
Ronald,Torres,ronald@acme.com,http://api.randomuser.me/portraits/men/47.jpg,Associate Software Engineer,,samuel@acme.com,,2012-05-01,Headquarters
Alan,Welch,awelch@acme.com,http://api.randomuser.me/portraits/men/61.jpg,Associate Software Engineer,415-688-7471,samuel@acme.com,,2011-10-24,Headquarters
April,Campbell,april@acme.com,http://api.randomuser.me/portraits/women/87.jpg,Associate Software Engineer,415-313-1614,samuel@acme.com,,2012-04-10,Headquarters
Lesa,Turner,lesa@acme.com,http://api.randomuser.me/portraits/women/46.jpg,Software Engineer,415-242-4174,samuel@acme.com,,2011-05-21,Headquarters
Brad,Berry,bberry@acme.com,http://api.randomuser.me/portraits/men/66.jpg,Software Engineer,,samuel@acme.com,,2012-12-06,Headquarters
Misty,Wells,misty@acme.com,http://api.randomuser.me/portraits/women/64.jpg,Sr. Software Engineer,,samuel@acme.com,,2013-11-24,Headquarters
Claude,Hicks,claude@acme.com,http://api.randomuser.me/portraits/men/80.jpg,Sr. Software Engineer,,samuel@acme.com,,2013-10-18,Headquarters
Brittany,Graham,brittany@acme.com,http://api.randomuser.me/portraits/women/94.jpg,Sr. Software Developer,415-210-3282,samuel@acme.com,,2014-04-16,Headquarters
Mitchell,Harvey,mitchell@acme.com,http://api.randomuser.me/portraits/men/24.jpg,Software Developer,415-420-8466,samuel@acme.com,,2012-08-07,Headquarters
Marie,Hale,mhale@acme.com,http://api.randomuser.me/portraits/women/72.jpg,Software Developer,415-430-6583,samuel@acme.com,,2013-03-14,Headquarters
Beverley,Peters,beverley@acme.com,http://api.randomuser.me/portraits/women/61.jpg,Software Engineer,415-572-3031,samuel@acme.com,,2012-10-18,Headquarters
Jimmie,Andrews,jimmie@acme.com,http://api.randomuser.me/portraits/men/18.jpg,Associate Software Developer,,samuel@acme.com,,2013-12-26,Headquarters
Tina,Phillips,tina@acme.com,http://api.randomuser.me/portraits/women/65.jpg,Software Developer,,samuel@acme.com,,2011-08-24,Headquarters
Jonathan,Gordon,jonathan@acme.com,http://api.randomuser.me/portraits/men/73.jpg,Software Developer,,samuel@acme.com,,2012-09-21,Headquarters
Leslie,West,lwest@acme.com,http://api.randomuser.me/portraits/women/72.jpg,Sr. Data Analyst,415-586-0434,dora@acme.com,,2012-09-14,Headquarters
Julia,Duncan,julia@acme.com,http://api.randomuser.me/portraits/women/43.jpg,Data Analyst,415-438-7816,lwest@acme.com,,2009-12-20,Headquarters
Virgil,Jacobs,virgil@acme.com,http://api.randomuser.me/portraits/men/24.jpg,Sr. Accounting Manager,415-540-0246,sandra@acme.com,,2012-12-17,Headquarters
Kaylee,Beck,kaylee@acme.com,http://api.randomuser.me/portraits/women/64.jpg,Accounting Manager,415-687-1863,sandra@acme.com,,2012-11-16,Headquarters
Leona,Shelton,leona@acme.com,http://api.randomuser.me/portraits/women/12.jpg,FP&A,415-258-7370,sandra@acme.com,,2012-10-17,Headquarters
Mary,Ferguson,mary@acme.com,http://api.randomuser.me/portraits/women/8.jpg,Accounts Receivable,415-881-0761,sandra@acme.com,,2011-10-14,Headquarters
Lois,Harper,lois@acme.com,http://api.randomuser.me/portraits/women/67.jpg,Accounts Payable,,sandra@acme.com,,2013-03-01,Headquarters
Debra,Miller,debra@acme.com,http://api.randomuser.me/portraits/women/80.jpg,Payroll,415-237-4625,sandra@acme.com,,2013-02-17,Headquarters
Owen,Kennedy,owen@acme.com,http://api.randomuser.me/portraits/men/85.jpg,Financial Analyst,415-260-8123,sandra@acme.com,,2014-12-23,Headquarters
Craig,Fletcher,craig@acme.com,http://api.randomuser.me/portraits/men/88.jpg,Associate Software Engineer,415-257-4125,shannon@acme.com,,2012-06-24,Headquarters
Jessica,Morris,jessica@acme.com,http://api.randomuser.me/portraits/women/55.jpg,Software Engineer,,leslie@acme.com,,2012-06-16,Headquarters
Sofia,Watkins,sofia@acme.com,http://api.randomuser.me/portraits/women/15.jpg,Software Developer,415-477-2713,leslie@acme.com,,2013-11-16,Headquarters
Freddie,Thomas,fthomas@acme.com,http://api.randomuser.me/portraits/men/49.jpg,Software Developer,415-638-2263,leslie@acme.com,,2014-08-20,Headquarters
Dustin,Simmons,dustin@acme.com,http://api.randomuser.me/portraits/men/98.jpg,Associate Software Engineer,415-600-8581,shannon@acme.com,,2012-05-30,Headquarters
Eleanor,Watson,eleanor@acme.com,http://api.randomuser.me/portraits/women/27.jpg,Director of Product Marketing,415-676-8040,alexis@acme.com,Product Marketing,2012-09-29,Headquarters
Darrell,Dixon,darrell@acme.com,http://api.randomuser.me/portraits/men/57.jpg,Director of Content Marketing,415-263-5244,alexis@acme.com,Content Marketing,2011-07-13,Headquarters
Mitchell,Freeman,mfreeman@acme.com,http://api.randomuser.me/portraits/men/45.jpg,PR,415-358-1177,alexis@acme.com,,2012-12-16,Headquarters
Clarence,Wheeler,clarence@acme.com,http://api.randomuser.me/portraits/men/54.jpg,Paid Search,415-304-4220,alexis@acme.com,,2014-11-22,Headquarters
Hunter,Campbell,hcampbell@acme.com,http://api.randomuser.me/portraits/men/78.jpg,SEO,415-673-4081,alexis@acme.com,,2011-06-11,Headquarters
Morris,Cole,morris@acme.com,http://api.randomuser.me/portraits/men/44.jpg,Graphic Designer,415-470-8821,eleanor@acme.com,,2012-08-18,Headquarters
Mattie,Gardner,mattie@acme.com,http://api.randomuser.me/portraits/women/19.jpg,Events,415-230-5005,alexis@acme.com,,2015-07-07,Headquarters
Owen,White,owhite@acme.com,http://api.randomuser.me/portraits/men/6.jpg,Product Marketing Manager,415-767-3578,eleanor@acme.com,,2012-01-15,Headquarters
Tracy,Rogers,trogers@acme.com,http://api.randomuser.me/portraits/men/6.jpg,Associate Product Marketing Manager,415-305-8441,eleanor@acme.com,,2011-12-26,Headquarters
Avery,Wilson,avery@acme.com,http://api.randomuser.me/portraits/women/66.jpg,Product Marketing Manager,415-647-5300,eleanor@acme.com,,2012-12-30,Headquarters
Arnold,Roberts,arnold@acme.com,http://api.randomuser.me/portraits/men/59.jpg,Content Writer,415-444-8565,darrell@acme.com,,2013-09-23,Headquarters
Eddie,Peters,eddie@acme.com,http://api.randomuser.me/portraits/men/8.jpg,Content Writer,415-236-3504,darrell@acme.com,,2013-06-05,Headquarters
Ellen,Ferguson,ellen@acme.com,http://api.randomuser.me/portraits/women/23.jpg,"VP Sales, Americas",415-854-2583,walter@acme.com,"Sales, Americas",2013-07-30,Headquarters
Roberto,Wagner,roberto@acme.com,http://api.randomuser.me/portraits/men/95.jpg,"Sales Director, East Coast",,walter@acme.com,"Sales, East Coast",2013-04-14,DC Office
Max,Burns,max@acme.com,http://api.randomuser.me/portraits/men/35.jpg,"VP Sales, EMEA",,walter@acme.com,"Sales, EMEA",2011-05-20,London Office
Derrick,Morrison,dmorrison@acme.com,http://api.randomuser.me/portraits/men/30.jpg,"Director, Account Executives",415-758-0617,ellen@acme.com,Sales,2013-02-04,Headquarters
Serenity,Bradley,sbradley@acme.com,http://api.randomuser.me/portraits/women/21.jpg,"Director, Account Executives",415-404-5438,ellen@acme.com,Sales,2012-08-20,Headquarters
Charlene,Craig,charlene@acme.com,http://api.randomuser.me/portraits/women/7.jpg,"Director, Account Management",415-701-1522,ellen@acme.com,Account Management,2012-03-04,Headquarters
Kyle,Holland,kyle@acme.com,http://api.randomuser.me/portraits/men/41.jpg,"Director, Account Management",415-383-7538,ellen@acme.com,Account Management,2011-03-09,Headquarters
Mario,Carter,mario@acme.com,http://api.randomuser.me/portraits/men/61.jpg,Business Development Director,415-308-4577,ellen@acme.com,Business Development,2013-12-02,Headquarters
Thomas,Phillips,thomas@acme.com,http://api.randomuser.me/portraits/men/40.jpg,Sr. AE,415-855-2642,dmorrison@acme.com,,2013-12-13,Headquarters
Cindy,Williamson,cindy@acme.com,http://api.randomuser.me/portraits/women/59.jpg,Senior AE,415-564-7083,dmorrison@acme.com,,2012-09-28,Headquarters
Jane,Hicks,jane@acme.com,http://api.randomuser.me/portraits/women/79.jpg,Senior Account Executive,415-461-3826,dmorrison@acme.com,,2012-10-21,Headquarters
Perry,May,perry@acme.com,http://api.randomuser.me/portraits/men/11.jpg,Senior AE,415-777-5513,dmorrison@acme.com,,2015-01-28,Headquarters
Brandon,Nelson,brandon@acme.com,http://api.randomuser.me/portraits/men/89.jpg,Account Executive,415-778-4243,dmorrison@acme.com,,2015-12-02,Headquarters
Terra,Burke,terra@acme.com,http://api.randomuser.me/portraits/women/73.jpg,Account Executive,415-263-6778,dmorrison@acme.com,,2012-11-06,Headquarters
Victor,Hayes,victor@acme.com,http://api.randomuser.me/portraits/men/4.jpg,Account Executive,415-753-0164,dmorrison@acme.com,,2012-02-17,Headquarters
Krin,Hudson,krin@acme.com,http://api.randomuser.me/portraits/women/21.jpg,Account Executive,415-226-7806,dmorrison@acme.com,,2012-01-22,Headquarters
Charlie,Brown,charlie@acme.com,http://api.randomuser.me/portraits/men/74.jpg,Account Executive,415-371-0468,dmorrison@acme.com,,2011-11-26,Headquarters
Tonya,Neal,tonya@acme.com,http://api.randomuser.me/portraits/women/8.jpg,Account Executive,415-774-7343,dmorrison@acme.com,,2012-01-06,Headquarters
Emily,Meyer,emeyer@acme.com,http://api.randomuser.me/portraits/women/63.jpg,AE,415-762-7188,dmorrison@acme.com,,2010-12-27,Headquarters
Terra,Graves,tgraves@acme.com,http://api.randomuser.me/portraits/women/51.jpg,AE,415-758-4586,dmorrison@acme.com,,2012-09-30,Headquarters
Ronnie,Fletcher,ronnie@acme.com,http://api.randomuser.me/portraits/men/11.jpg,AE,415-650-7138,dmorrison@acme.com,,2011-01-21,Headquarters
Lydia,Bennett,lydia@acme.com,http://api.randomuser.me/portraits/women/49.jpg,Senior AE,415-674-1780,sbradley@acme.com,,2014-09-26,Headquarters
Kaylee,Graham,kgraham@acme.com,http://api.randomuser.me/portraits/women/80.jpg,Senior Account Executive,415-248-3437,sbradley@acme.com,,2014-08-27,Headquarters
Eleanor,Dixon,edixon@acme.com,http://api.randomuser.me/portraits/women/86.jpg,Senior AE,415-411-0114,sbradley@acme.com,,2014-05-27,Headquarters
Tracey,Simpson,tracey@acme.com,http://api.randomuser.me/portraits/women/81.jpg,Account Executive,415-345-3653,sbradley@acme.com,,2014-03-24,Headquarters
Matthew,Herrera,mherrera@acme.com,http://api.randomuser.me/portraits/men/70.jpg,Account Executive,415-407-1228,sbradley@acme.com,,2014-07-05,Headquarters
Earl,Chavez,earl@acme.com,http://api.randomuser.me/portraits/men/97.jpg,Account Executive,415-762-4707,sbradley@acme.com,,2012-07-30,Headquarters
Vincent,Wallace,vincent@acme.com,http://api.randomuser.me/portraits/men/79.jpg,Account Executive,415-670-4650,sbradley@acme.com,,2013-01-27,Headquarters
Marion,Kuhn,marion@acme.com,http://api.randomuser.me/portraits/men/91.jpg,Account Executive,415-255-0586,sbradley@acme.com,,2012-10-08,Headquarters
Bernice,Williams,bernice@acme.com,http://api.randomuser.me/portraits/women/58.jpg,Account Executive,415-421-7632,sbradley@acme.com,,2010-01-29,Headquarters
Floyd,Tucker,floyd@acme.com,http://api.randomuser.me/portraits/men/89.jpg,AE,415-328-2420,sbradley@acme.com,,2010-06-24,Headquarters
Dwayne,Martinez,dwayne@acme.com,http://api.randomuser.me/portraits/men/36.jpg,AE,415-447-3248,sbradley@acme.com,,2012-08-25,Headquarters
Byron,Schmidt,byron@acme.com,http://api.randomuser.me/portraits/men/4.jpg,AE,415-522-3824,sbradley@acme.com,,2015-05-06,Headquarters
Cindy,Chavez,cchavez@acme.com,http://api.randomuser.me/portraits/women/89.jpg,Sr. Account Manager,415-507-1428,charlene@acme.com,,2012-06-18,Headquarters
Nevaeh,Thompson,nevaeh@acme.com,http://api.randomuser.me/portraits/women/26.jpg,Senior AM,,charlene@acme.com,,2011-10-19,Headquarters
Frances,Lawrence,frances@acme.com,http://api.randomuser.me/portraits/women/32.jpg,Sr. Account Manager,,charlene@acme.com,,2011-04-05,Headquarters
Paula,Williamson,paula@acme.com,http://api.randomuser.me/portraits/women/46.jpg,Account Manager,,charlene@acme.com,,2014-01-23,Headquarters
Timmothy,Gonzales,timmothy@acme.com,http://api.randomuser.me/portraits/men/57.jpg,Account Manager,415-313-0225,charlene@acme.com,,2014-07-19,Headquarters
Juanita,Robinson,juanita@acme.com,http://api.randomuser.me/portraits/women/58.jpg,Account Manager,415-674-1821,charlene@acme.com,,2012-07-10,Headquarters
Jeremiah,Dixon,jeremiah@acme.com,http://api.randomuser.me/portraits/men/33.jpg,Account Manager,415-644-3707,charlene@acme.com,,2012-10-06,Headquarters
Diana,Williams,diana@acme.com,http://api.randomuser.me/portraits/women/90.jpg,AM,415-257-1411,charlene@acme.com,,2012-05-22,Headquarters
Jordan,Neal,jordan@acme.com,http://api.randomuser.me/portraits/men/54.jpg,AM,415-787-5743,charlene@acme.com,,2011-07-26,Headquarters
Vincent,Fuller,vfuller@acme.com,http://api.randomuser.me/portraits/men/43.jpg,Sr. Account Manager,415-554-2186,kyle@acme.com,,2014-08-26,Headquarters
Christian,Mitchelle,christian@acme.com,http://api.randomuser.me/portraits/men/22.jpg,Sr. Account Manager,415-577-1056,kyle@acme.com,,2014-08-24,Headquarters
Roberta,Roberts,rroberts@acme.com,http://api.randomuser.me/portraits/women/78.jpg,Account Manager,415-332-5212,kyle@acme.com,,2011-03-03,Headquarters
Violet,Palmer,violet@acme.com,http://api.randomuser.me/portraits/women/46.jpg,Account Manager,415-333-4183,kyle@acme.com,,2011-08-17,Headquarters
Ken,Thompson,ken@acme.com,http://api.randomuser.me/portraits/men/59.jpg,Account Manager,415-454-3681,kyle@acme.com,,2015-02-20,Headquarters
Dean,Porter,dean@acme.com,http://api.randomuser.me/portraits/men/38.jpg,Account Manager,415-578-6531,kyle@acme.com,,2010-01-08,Headquarters
Louis,James,louis@acme.com,http://api.randomuser.me/portraits/men/8.jpg,AM,,kyle@acme.com,,2010-10-30,Headquarters
Celina,Jennings,celina@acme.com,http://api.randomuser.me/portraits/women/35.jpg,BDR,,mario@acme.com,,2011-09-28,Headquarters
Sheila,Gardner,sheila@acme.com,http://api.randomuser.me/portraits/women/84.jpg,Sr. BDR,415-225-8738,mario@acme.com,,2010-05-11,Headquarters
Carlos,Bates,carlos@acme.com,http://api.randomuser.me/portraits/men/58.jpg,Senior BDR,415-700-4333,mario@acme.com,,2010-10-27,Headquarters
Landon,Arnold,larnold@acme.com,http://api.randomuser.me/portraits/men/62.jpg,Senior BDR,415-554-0831,mario@acme.com,,2013-03-26,Headquarters
Camila,Butler,camila@acme.com,http://api.randomuser.me/portraits/women/49.jpg,Senior BDR,415-832-7484,mario@acme.com,,2012-10-07,Headquarters
Alberto,Sanchez,asanchez@acme.com,http://api.randomuser.me/portraits/men/1.jpg,Senior BDR,415-775-7028,mario@acme.com,,2012-05-19,Headquarters
Ellen,Sims,esims@acme.com,http://api.randomuser.me/portraits/women/95.jpg,Senior BDR,415-214-1518,mario@acme.com,,2015-07-14,Headquarters
Jeffrey,Webb,jeffrey@acme.com,http://api.randomuser.me/portraits/men/49.jpg,Sr. BDR,415-586-3514,mario@acme.com,,2012-11-11,Headquarters
Marlene,Banks,marlene@acme.com,http://api.randomuser.me/portraits/women/52.jpg,Sr. BDR,415-680-0288,mario@acme.com,,2013-11-04,Headquarters
Bernard,Moreno,bernard@acme.com,http://api.randomuser.me/portraits/men/2.jpg,BDR,415-734-3728,mario@acme.com,,2014-02-09,Headquarters
Carl,Ward,carl@acme.com,http://api.randomuser.me/portraits/men/97.jpg,BDR,,mario@acme.com,,2012-08-30,Headquarters
Gloria,Marshall,gloria@acme.com,http://api.randomuser.me/portraits/women/2.jpg,BDR,415-445-4046,mario@acme.com,,2012-02-02,Headquarters
Dianne,Cooper,dcooper@acme.com,http://api.randomuser.me/portraits/women/39.jpg,BDR,415-412-2878,mario@acme.com,,2012-08-08,Headquarters
Clifton,Garcia,clifton@acme.com,http://api.randomuser.me/portraits/men/68.jpg,BDR,415-500-8028,camila@acme.com,,2011-06-01,Headquarters
Greg,Day,greg@acme.com,http://api.randomuser.me/portraits/men/75.jpg,BDR,415-525-7657,jeffrey@acme.com,,2012-11-07,Headquarters
Antonio,Hamilton,antonio@acme.com,http://api.randomuser.me/portraits/men/0.jpg,BDR,415-837-3622,camila@acme.com,,2011-10-30,Headquarters
Hailey,Hughes,hailey@acme.com,http://api.randomuser.me/portraits/women/83.jpg,BDR,415-685-3143,camila@acme.com,,2010-07-12,Headquarters
Rafael,Holt,rafael@acme.com,http://api.randomuser.me/portraits/men/14.jpg,Senior BDR,,roberto@acme.com,,2011-09-08,DC Office
Brent,Roberts,brent@acme.com,http://api.randomuser.me/portraits/men/60.jpg,Senior BDR,,roberto@acme.com,,2012-12-05,DC Office
Miguel,Bradley,miguel@acme.com,http://api.randomuser.me/portraits/men/4.jpg,BDR,,roberto@acme.com,,2013-10-12,DC Office
Alfredo,Arnold,alfredo@acme.com,http://api.randomuser.me/portraits/men/14.jpg,BDR,,roberto@acme.com,,2011-07-27,DC Office
Alberto,Spencer,aspencer@acme.com,http://api.randomuser.me/portraits/men/61.jpg,Sr. Account Manager,,roberto@acme.com,,2012-07-06,DC Office
Ryan,Flores,ryan@acme.com,http://api.randomuser.me/portraits/men/12.jpg,Account Manager,,roberto@acme.com,,2010-05-09,DC Office
Melissa,Hale,melissa@acme.com,http://api.randomuser.me/portraits/women/88.jpg,Account Manager,,roberto@acme.com,,2012-01-07,DC Office
Herbert,Pierce,herbert@acme.com,http://api.randomuser.me/portraits/men/78.jpg,Account Manager,,roberto@acme.com,,2012-07-20,DC Office
Ivan,Lynch,ivan@acme.com,http://api.randomuser.me/portraits/men/65.jpg,Account Manager,,roberto@acme.com,,2012-09-25,DC Office
David,Brewer,david@acme.com,http://api.randomuser.me/portraits/men/81.jpg,Senior Account Executive,,roberto@acme.com,,2013-06-17,DC Office
Lynn,Mitchell,lynn@acme.com,http://api.randomuser.me/portraits/women/90.jpg,Senior AE,,roberto@acme.com,,2012-05-07,DC Office
Evan,Hanson,evan@acme.com,http://api.randomuser.me/portraits/men/75.jpg,Account Executive,,roberto@acme.com,,2013-05-30,DC Office
Dave,Rogers,dave@acme.com,http://api.randomuser.me/portraits/men/89.jpg,Account Executive,,roberto@acme.com,,2011-11-27,DC Office
Madison,Cruz,madison@acme.com,http://api.randomuser.me/portraits/women/51.jpg,Account Executive,,roberto@acme.com,,2012-02-26,DC Office
Greg,Sanders,gsanders@acme.com,http://api.randomuser.me/portraits/men/53.jpg,Account Executive,,roberto@acme.com,,2013-01-18,DC Office
Ella,Taylor,ella@acme.com,http://api.randomuser.me/portraits/women/41.jpg,Account Executive,,roberto@acme.com,,2014-06-29,DC Office
Vanessa,Morrison,vanessa@acme.com,http://api.randomuser.me/portraits/women/9.jpg,Senior AE,,max@acme.com,,2015-11-12,London Office
Andy,Alexander,andy@acme.com,http://api.randomuser.me/portraits/men/33.jpg,Account Executive,,max@acme.com,,2013-07-17,London Office
Bernice,Burns,bburns@acme.com,http://api.randomuser.me/portraits/women/64.jpg,Account Executive,,max@acme.com,,2012-11-02,London Office
Victor,Edwards,vedwards@acme.com,http://api.randomuser.me/portraits/men/27.jpg,Account Executive,,max@acme.com,,2014-02-03,London Office
Lester,Kelly,lester@acme.com,http://api.randomuser.me/portraits/men/91.jpg,Senior BDR,,max@acme.com,,2013-07-05,London Office
Sharlene,West,sharlene@acme.com,http://api.randomuser.me/portraits/women/32.jpg,BDR,,max@acme.com,,2012-10-11,London Office
Felix,Day,felix@acme.com,http://api.randomuser.me/portraits/men/3.jpg,BDR,,max@acme.com,,2012-11-21,London Office
Debra,Lopez,dlopez@acme.com,http://api.randomuser.me/portraits/women/90.jpg,Sr. Account Manager,,max@acme.com,,2011-10-19,London Office
Marcus,Mendoza,mmendoza@acme.com,http://api.randomuser.me/portraits/men/22.jpg,Sr. Account Manager,,max@acme.com,,2013-04-07,London Office
Bella,Craig,bella@acme.com,http://api.randomuser.me/portraits/women/48.jpg,Account Manager,,max@acme.com,,2011-01-03,London Office
Patrick,Gardner,patrick@acme.com,http://api.randomuser.me/portraits/men/29.jpg,Sr. Software Engineer,,samuel@acme.com,,2014-06-24,London Office
Ida,Gardner,igardner@acme.com,http://api.randomuser.me/portraits/women/32.jpg,Sr. Software Developer,,samuel@acme.com,,2011-02-27,London Office
Stacy,Carter,stacy@acme.com,http://api.randomuser.me/portraits/women/93.jpg,DevOps Engineer,,charles@acme.com,,2013-08-16,London Office
Delores,Harris,delores@acme.com,http://api.randomuser.me/portraits/women/82.jpg,Customer Service Agent,,randall@acme.com,,2011-05-07,Headquarters
Michele,Thomas,mthomas@acme.com,http://api.randomuser.me/portraits/women/58.jpg,Customer Service Agent,,randall@acme.com,,2015-10-21,Headquarters
Dustin,Brewer,dbrewer@acme.com,http://api.randomuser.me/portraits/men/22.jpg,Customer Service Agent,,randall@acme.com,,2014-02-27,Headquarters
Juanita,Bailey,jbailey@acme.com,http://api.randomuser.me/portraits/women/11.jpg,Customer Service Agent,,randall@acme.com,,2012-03-19,Headquarters
Billy,Hernandez,billy@acme.com,http://api.randomuser.me/portraits/men/66.jpg,Customer Service Agent,,randall@acme.com,,2013-01-22,Headquarters
Hugh,Russell,hugh@acme.com,http://api.randomuser.me/portraits/men/96.jpg,Customer Service Agent,,randall@acme.com,,2011-07-29,Headquarters
Tanya,Moreno,tanya@acme.com,http://api.randomuser.me/portraits/women/50.jpg,Customer Service Agent,,landon@acme.com,,2011-11-30,DC Office
Tracey,Young,tyoung@acme.com,http://api.randomuser.me/portraits/women/2.jpg,Customer Service Agent,,landon@acme.com,,2011-09-14,DC Office
Carrie,Reyes,carrie@acme.com,http://api.randomuser.me/portraits/women/67.jpg,Customer Service Agent,,landon@acme.com,,2012-12-31,DC Office
Joshua,Martin,joshua@acme.com,http://api.randomuser.me/portraits/men/97.jpg,Customer Service Agent,,landon@acme.com,,2010-05-17,DC Office
Debbie,Brown,debbie@acme.com,http://api.randomuser.me/portraits/women/61.jpg,Customer Service Agent,,landon@acme.com,,2010-11-24,DC Office
Wendy,Morris,wendy@acme.com,http://api.randomuser.me/portraits/women/41.jpg,Customer Service Agent,,ruby@acme.com,,2009-08-05,London Office
Gabriella,Rogers,grogers@acme.com,http://api.randomuser.me/portraits/women/64.jpg,Customer Service Agent,,ruby@acme.com,,2014-04-22,London Office
Gwendolyn,Campbell,gwendolyn@acme.com,http://api.randomuser.me/portraits/women/24.jpg,Customer Service Agent,,ruby@acme.com,,2013-11-04,London Office
Lois,Carter,lcarter@acme.com,http://api.randomuser.me/portraits/women/90.jpg,,,,,2011-03-11,
Elizabeth,Ryan,elizabeth@acme.com,http://api.randomuser.me/portraits/women/7.jpg,,,,,2011-06-22,
Beatrice,Rice,beatrice@acme.com,http://api.randomuser.me/portraits/women/72.jpg,,,,,2012-05-23,
Clarence,Harvey,charvey@acme.com,http://api.randomuser.me/portraits/men/70.jpg,,,,,2013-08-09,
Glenda,Lane,glenda@acme.com,http://api.randomuser.me/portraits/women/10.jpg,,,,,2012-11-03,
Nathan,Kim,nkim@acme.com,http://api.randomuser.me/portraits/men/78.jpg,,,,,2015-05-13,
Ann,Kuhn,ann@acme.com,http://api.randomuser.me/portraits/women/61.jpg,,,,,2012-05-03,
Brett,Lambert,brett@acme.com,http://api.randomuser.me/portraits/men/80.jpg,,,,,2009-03-04,