first_name,last_name,email,image_url,title,cell_phone,office_address_1,office_name,office_city,office_region,office_postal_code,office_country_code,office_latitude,office_longitude,office_image_url,team,owns_team,manager_email,hire_date,birth_date
Griffin,Goc,griffin@gametime.co,https://media.licdn.com/media/p/8/000/2c8/134/01883d4.jpg,Seller Relations Manager at Gametime United,(415) 234-23232,"1 Front Street, Suite 2700",San Francisco HQ,San Francisco,CA,94111,US,37.791876,-122.398781,,Revenue Officer at Gametime United,False,colin@gametime.co,2010-06-24,1972-05-24
Chris,Upton-Weber,chris@gametime.co,https://media.licdn.com/media/p/2/000/101/09d/0e2e619.jpg,Staffing & HR,(415) 234-23232,"1 Front Street, Suite 2700",San Francisco HQ,San Francisco,CA,94111,US,37.791876,-122.398781,,Assitant Strategy,False,caroline@gametime.co,2013-08-09,1970-01-11
Brad,Griffith,brad@gametime.co,https://media.licdn.com/media/AAEAAQAAAAAAAAMcAAAAJGFmZWY0MzZmLWRkMWEtNGU0OC1iZWRhLTk2ZmU4YTI5YzE0Zg.jpg,CEO and Builder at Gametime found at gametime.co/app,(415) 234-23232,"1 Front Street, Suite 2700",San Francisco HQ,San Francisco,CA,94111,US,37.791876,-122.398781,,Executive Office,True,,2005-02-04,1970-08-25
Colin,Evans,colin@gametime.co,https://media.licdn.com/media/p/1/000/001/0be/0f8d201.jpg,Chief Revenue Officer at Gametime United,(415) 234-23232,"1 Front Street, Suite 2700",San Francisco HQ,San Francisco,CA,94111,US,37.791876,-122.398781,,Revenue Officer at Gametime United,True,brad@gametime.co,2014-02-27,1973-09-12
Jonathan,Eide,jonathan@gametime.co,https://media.licdn.com/media/p/1/000/003/0a4/3034a57.jpg,"Director, Product Strategic Planning, Facebook",(415) 234-23232,"1 Front Street, Suite 2700",San Francisco HQ,San Francisco,CA,94111,US,37.791876,-122.398781,,Revenue Officer at Gametime United,False,colin@gametime.co,2008-08-18,1996-06-14
Andy,Anderson,andy@gametime.co,https://media.licdn.com/media/p/3/000/0bc/01e/2240f00.jpg,Business Development @ Gametime,(415) 234-23232,"1 Front Street, Suite 2700",San Francisco HQ,San Francisco,CA,94111,US,37.791876,-122.398781,,Consumer Human Resources,False,chelsea@gametime.co,2009-09-19,1976-02-08
Michael,Guercio,michael@gametime.co,https://media.licdn.com/media/p/5/005/0a6/122/1477ed1.jpg,Providing the Ultimate Fan Experience at Gametime,(415) 234-23232,"1 Front Street, Suite 2700",San Francisco HQ,San Francisco,CA,94111,US,37.791876,-122.398781,,Optimizing Design,True,colin@gametime.co,2013-11-12,1972-04-17
Max,Tcheyan,max@gametime.co,https://media.licdn.com/media/p/1/005/029/126/02781b6.jpg,Growth and Marketing at Gametime United,(415) 234-23232,"1 Front Street, Suite 2700",San Francisco HQ,San Francisco,CA,94111,US,37.791876,-122.398781,,Enterprise Marketing,True,cfong@gametime.co,2007-05-11,1971-03-08
Ben,Kim,ben@gametime.co,https://media.licdn.com/media/p/1/000/1a2/25e/3322640.jpg,VP Product Management,(415) 234-23232,"1 Front Street, Suite 2700",San Francisco HQ,San Francisco,CA,94111,US,37.791876,-122.398781,,International Experience,True,malcantara@gametime.co,2014-05-09,1970-01-05
Chelsea,Brown,chelsea@gametime.co,https://media.licdn.com/media/AAEAAQAAAAAAAAK6AAAAJGRmYTI4NzFjLWY4MzEtNGY4MS04YmIwLTFhNGUxODYzZTE1NA.jpg,Operations Manager at Gametime United,(415) 234-23232,"1 Front Street, Suite 2700",San Francisco HQ,San Francisco,CA,94111,US,37.791876,-122.398781,,Consumer Human Resources,True,cfong@gametime.co,2006-04-05,1974-04-04
Sean,Pate,sean@gametime.co,https://media.licdn.com/media/p/3/000/112/3ec/1c64556.jpg,Head of Communications at Gametime,(415) 234-23232,"1 Front Street, Suite 2700",San Francisco HQ,San Francisco,CA,94111,US,37.791876,-122.398781,,Consumer Human Resources,False,chelsea@gametime.co,2005-05-16,1973-08-14
Vijay Raghavan,Ramanan,vijay@gametime.co,https://media.licdn.com/media/p/2/000/2cd/2ac/3b4f5c8.jpg,Senior Software Engineer at Gametime United | Carnegie Mellon University,(415) 234-23232,"1 Front Street, Suite 2700",San Francisco HQ,San Francisco,CA,94111,US,37.791876,-122.398781,,International Experience,False,ben@gametime.co,2008-04-15,1984-08-07
David,Gertmenian-Wong,david@gametime.co,https://media.licdn.com/media/p/7/005/085/2c4/125300c.jpg,Software Engineer at Gametime United,(415) 234-23232,"1 Front Street, Suite 2700",San Francisco HQ,San Francisco,CA,94111,US,37.791876,-122.398781,,International Experience,False,ben@gametime.co,2007-04-08,1981-03-02
Rich,Lowenberg,rich@gametime.co,https://media.licdn.com/media/p/7/005/053/242/3340e04.jpg,Senior iOS / software architect and entrepreneur,(415) 234-23232,"1 Front Street, Suite 2700",San Francisco HQ,San Francisco,CA,94111,US,37.791876,-122.398781,,Vertical Development,False,malcantara@gametime.co,2014-11-26,1976-03-06
Christopher,Kung,christopher@gametime.co,https://media.licdn.com/media/p/2/000/1aa/3cb/3c22b39.jpg,Director of Growth at Gametime,(415) 234-23232,"1 Front Street, Suite 2700",San Francisco HQ,San Francisco,CA,94111,US,37.791876,-122.398781,,Assitant Strategy,False,caroline@gametime.co,2008-02-01,1971-02-19
John,Hession,john@gametime.co,https://media.licdn.com/media/p/2/000/096/3dc/1c79767.jpg,Growth @ Gametime,(415) 234-23232,"1 Front Street, Suite 2700",San Francisco HQ,San Francisco,CA,94111,US,37.791876,-122.398781,,Consumer Human Resources,False,chelsea@gametime.co,2012-03-26,1990-01-05
Jamie,Tsao,jamie@gametime.co,https://media.licdn.com/media/AAEAAQAAAAAAAAG0AAAAJGJhZGE0MDMyLTUzNzctNDJjZi1hNDk5LWRjZWQ5NjM3OGZhYg.jpg,Senior Engineer at Gametime United,(415) 234-23232,"1 Front Street, Suite 2700",San Francisco HQ,San Francisco,CA,94111,US,37.791876,-122.398781,,Assitant Strategy,False,caroline@gametime.co,2012-05-16,1996-11-16
Som,Poddar,som@gametime.co,https://media.licdn.com/media/p/2/005/049/275/399077b.jpg,Software Engineer at Gametime United,(415) 234-23232,"1 Front Street, Suite 2700",San Francisco HQ,San Francisco,CA,94111,US,37.791876,-122.398781,,Client Finance,False,luke@gametime.co,2009-08-03,1970-04-07
Eric,Nicholas,eric@gametime.co,https://media.licdn.com/media/p/7/005/045/1c0/1b04524.jpg,Senior Software Engineer at Gametime United,(415) 234-23232,"1 Front Street, Suite 2700",San Francisco HQ,San Francisco,CA,94111,US,37.791876,-122.398781,,International Experience,False,ben@gametime.co,2014-08-27,1986-04-14
Jairo,Avalos,jairo@gametime.co,,Design Lead at Gametime,(415) 234-23232,"1 Front Street, Suite 2700",San Francisco HQ,San Francisco,CA,94111,US,37.791876,-122.398781,,International Insights,False,cfong@gametime.co,2005-06-04,1987-10-27
Alyssa,Carrion,alyssa@gametime.co,https://media.licdn.com/media/AAEAAQAAAAAAAAJ5AAAAJGY4ODMyZjViLWY2YmItNDRmOC05NjQxLTcxNWM3ODM4M2YzYw.jpg,Fan Happiness Associate  at Gametime United,(415) 234-23232,"1 Front Street, Suite 2700",San Francisco HQ,San Francisco,CA,94111,US,37.791876,-122.398781,,Consumer Human Resources,False,chelsea@gametime.co,2005-02-04,1988-06-11
Tony,Lamadora,tony@gametime.co,https://media.licdn.com/media/p/6/005/09a/27f/16bb37b.jpg,Graphic Design Professional,(415) 234-23232,"1 Front Street, Suite 2700",San Francisco HQ,San Francisco,CA,94111,US,37.791876,-122.398781,,Vertical Design,False,steffan@gametime.co,2007-09-16,1981-06-23
William,Kang,william@gametime.co,https://media.licdn.com/media/p/4/000/161/045/3b56a4a.jpg,Growth Manager at Gametime.co,(415) 234-23232,"1 Front Street, Suite 2700",San Francisco HQ,San Francisco,CA,94111,US,37.791876,-122.398781,,International Insights,False,cfong@gametime.co,2007-07-02,1996-05-10
Sorelle,Cohen,sorelle@gametime.co,https://media.licdn.com/media/p/7/005/0a9/39a/39412b0.jpg,Brand Ambassador at Gametime United,(415) 234-23232,"1 Front Street, Suite 2700",San Francisco HQ,San Francisco,CA,94111,US,37.791876,-122.398781,,Optimizing Design,False,michael@gametime.co,2014-02-09,1995-04-22
Tim,Minton,tim@gametime.co,https://media.licdn.com/media/p/6/005/085/35c/2e09fa6.jpg,Financial Analyst at Gametime United,(415) 234-23232,"1 Front Street, Suite 2700",San Francisco HQ,San Francisco,CA,94111,US,37.791876,-122.398781,,Vertical Design,False,steffan@gametime.co,2005-09-13,1997-11-08
Collin,Brown,collin@gametime.co,https://media.licdn.com/media/p/7/005/08e/317/1750d92.jpg,Fan Happiness at Gametime United,(415) 234-23232,"1 Front Street, Suite 2700",San Francisco HQ,San Francisco,CA,94111,US,37.791876,-122.398781,,Consumer Human Resources,False,chelsea@gametime.co,2014-10-12,1971-07-24
Arthur,Mansbach,arthur@gametime.co,https://media.licdn.com/media/p/7/005/094/023/118db1e.jpg,Growth Analyst at Gametime United,(415) 234-23232,"1 Front Street, Suite 2700",San Francisco HQ,San Francisco,CA,94111,US,37.791876,-122.398781,,Vertical Design,False,steffan@gametime.co,2010-10-27,1974-07-18
Michael L.,Alcantara,malcantara@gametime.co,https://media.licdn.com/media/p/8/005/05f/1b3/314f1aa.jpg,Business Development at Gametime United,(415) 234-23232,"1 Front Street, Suite 2700",San Francisco HQ,San Francisco,CA,94111,US,37.791876,-122.398781,,Vertical Development,True,colin@gametime.co,2006-07-16,1971-01-12
Keara,Pina,keara@gametime.co,https://media.licdn.com/media/p/6/005/0b7/082/16643d7.jpg,Recruiting Intern at Gametime United,(415) 234-23232,"1 Front Street, Suite 2700",San Francisco HQ,San Francisco,CA,94111,US,37.791876,-122.398781,,Assitant Strategy,False,caroline@gametime.co,2005-06-22,1977-09-05
Alex,McKinney,alex@gametime.co,https://media.licdn.com/media/p/7/005/011/11a/0e35c9c.jpg,Software Developer at Gametime,(415) 234-23232,"1 Front Street, Suite 2700",San Francisco HQ,San Francisco,CA,94111,US,37.791876,-122.398781,,International Experience,False,ben@gametime.co,2006-04-05,1974-08-04
Brendan,Winter,brendan@gametime.co,https://media.licdn.com/media/p/4/000/155/2bb/0864079.jpg,Senior Software Engineer at Gametime,(415) 234-23232,"1 Front Street, Suite 2700",San Francisco HQ,San Francisco,CA,94111,US,37.791876,-122.398781,,Client Finance,False,luke@gametime.co,2007-02-27,1972-11-05
Tammy,Gu,tammy@gametime.co,https://media.licdn.com/media/AAEAAQAAAAAAAAM8AAAAJDI5ODkyMDNlLWRlN2UtNGUxYi04ZjJhLWFmMTIzMTVlMTU2Zg.jpg,Growth Associate at Gametime United,(415) 234-23232,"1 Front Street, Suite 2700",San Francisco HQ,San Francisco,CA,94111,US,37.791876,-122.398781,,Assitant Strategy,False,caroline@gametime.co,2007-05-17,1980-06-06
Kaylah,Sosa,kaylah@gametime.co,https://media.licdn.com/media/AAEAAQAAAAAAAALsAAAAJDE0NGUzMjM2LTc0ZTgtNGVlYi1iZGZlLWQzNjg4MjQwMTc3MQ.jpg,Sports Marketing Intern at Gametime United,(415) 234-23232,"1 Front Street, Suite 2700",San Francisco HQ,San Francisco,CA,94111,US,37.791876,-122.398781,,Vertical Design,False,steffan@gametime.co,2012-11-07,1972-07-13
Evan,Simon,evan@gametime.co,https://media.licdn.com/media/p/5/005/04e/304/01526b1.jpg,Sports Sourcing Associate at Gametime United,(415) 234-23232,"1 Front Street, Suite 2700",San Francisco HQ,San Francisco,CA,94111,US,37.791876,-122.398781,,Vertical Development,False,malcantara@gametime.co,2007-03-12,1987-05-12
Matt,Rados,matt@gametime.co,https://media.licdn.com/media/p/6/005/00f/065/3f4c0a2.jpg,Venue Growth at Gametime United,(415) 234-23232,"1 Front Street, Suite 2700",San Francisco HQ,San Francisco,CA,94111,US,37.791876,-122.398781,,Vertical Development,False,malcantara@gametime.co,2005-07-04,1998-01-20
Luke,Carrino,luke@gametime.co,,Growth at Gametime United,(415) 234-23232,"1 Front Street, Suite 2700",San Francisco HQ,San Francisco,CA,94111,US,37.791876,-122.398781,,Client Finance,True,max@gametime.co,2014-03-04,1986-10-21
Dillon,Campbell,dillon@gametime.co,https://media.licdn.com/media/p/1/000/26a/1bd/3ece3be.jpg,Recruiter at Gametime United,(415) 234-23232,"1 Front Street, Suite 2700",San Francisco HQ,San Francisco,CA,94111,US,37.791876,-122.398781,,Vertical Design,False,steffan@gametime.co,2014-03-26,1986-07-11
Zachary,Moore,zachary@gametime.co,https://media.licdn.com/media/p/2/005/014/357/036f444.jpg,Fan Happiness Manager  at Gametime United,(415) 234-23232,"1 Front Street, Suite 2700",San Francisco HQ,San Francisco,CA,94111,US,37.791876,-122.398781,,Enterprise Marketing,False,max@gametime.co,2013-06-07,1997-04-26
Christophe,Pope,christophe@gametime.co,https://media.licdn.com/media/p/6/005/0b0/0da/16fb538.jpg,Creative,(415) 234-23232,"1 Front Street, Suite 2700",San Francisco HQ,San Francisco,CA,94111,US,37.791876,-122.398781,,Client Finance,False,luke@gametime.co,2011-05-07,1979-10-11
Steffan,Voges,steffan@gametime.co,https://media.licdn.com/media/p/7/005/099/176/24349d7.jpg,Software Engineering Intern at Braintree,(415) 234-23232,"1 Front Street, Suite 2700",San Francisco HQ,San Francisco,CA,94111,US,37.791876,-122.398781,,Vertical Design,True,michael@gametime.co,2011-11-12,1998-03-26
Toby,Pechner,toby@gametime.co,https://media.licdn.com/media/p/7/005/058/1a9/0608274.jpg,Brand Ambassador at Gametime United,(415) 234-23232,"1 Front Street, Suite 2700",San Francisco HQ,San Francisco,CA,94111,US,37.791876,-122.398781,,Client Finance,False,luke@gametime.co,2008-04-09,1971-06-08
Julia,Surges,julia@gametime.co,https://media.licdn.com/media/p/5/005/09a/0bd/300e1a0.jpg,Administrative Assistant at Contra Costa County,(415) 234-23232,"1 Front Street, Suite 2700",San Francisco HQ,San Francisco,CA,94111,US,37.791876,-122.398781,,International Experience,False,ben@gametime.co,2005-01-10,1995-08-03
Sam,Katz,sam@gametime.co,https://media.licdn.com/media/AAEAAQAAAAAAAAIgAAAAJDg4MDI0NjhjLTY3MDktNDZiZC1hZmJjLTUzMGMxOTc0MmNhZA.jpg,Intern at Gametime United,(415) 234-23232,"1 Front Street, Suite 2700",San Francisco HQ,San Francisco,CA,94111,US,37.791876,-122.398781,,Vertical Development,False,malcantara@gametime.co,2010-02-04,1995-01-16
Mike,Covell,mike@gametime.co,https://media.licdn.com/media/p/7/005/07c/0d0/33fa6e4.jpg,Summer Intern at Heffernan Insurance Brokers,(415) 234-23232,"1 Front Street, Suite 2700",San Francisco HQ,San Francisco,CA,94111,US,37.791876,-122.398781,,Optimizing Design,False,michael@gametime.co,2011-09-06,1978-11-14
Nicole,Roos,nicole@gametime.co,https://media.licdn.com/media/p/8/005/08f/32e/0121e96.jpg,Student at Middlebury College,(415) 234-23232,"1 Front Street, Suite 2700",San Francisco HQ,San Francisco,CA,94111,US,37.791876,-122.398781,,Client Finance,False,luke@gametime.co,2007-05-21,1998-05-16
Alexander,Henry,alexander@gametime.co,https://media.licdn.com/media/p/8/005/074/147/14d3de8.jpg,Sports Entertainment Associate at Gametime United,(415) 234-23232,"1 Front Street, Suite 2700",San Francisco HQ,San Francisco,CA,94111,US,37.791876,-122.398781,,Optimizing Design,False,michael@gametime.co,2012-07-17,1997-07-17
Aaron,Short,aaron@gametime.co,https://media.licdn.com/media/p/5/005/09e/14c/20b11aa.jpg,Senior Vice President of Backend Summer Interns at Gametime United,(415) 234-23232,"1 Front Street, Suite 2700",San Francisco HQ,San Francisco,CA,94111,US,37.791876,-122.398781,,Enterprise Marketing,False,max@gametime.co,2011-10-12,1998-10-21
Tyler,Straub,tyler@gametime.co,,Gametime United,(415) 234-23232,"1 Front Street, Suite 2700",San Francisco HQ,San Francisco,CA,94111,US,37.791876,-122.398781,,Enterprise Marketing,False,max@gametime.co,2009-04-12,1997-04-05
Yousef,Al Hessi,yousef@gametime.co,,Student at Swarthmore College,(415) 234-23232,"1 Front Street, Suite 2700",San Francisco HQ,San Francisco,CA,94111,US,37.791876,-122.398781,,International Insights,False,cfong@gametime.co,2014-02-05,1976-08-15
Christopher,Fong,cfong@gametime.co,https://media.licdn.com/media/AAEAAQAAAAAAAAN0AAAAJDQ1YzZjNWIwLTFkZmEtNDZlZS1hMWRlLWQwN2JmY2E1MTk0OQ.jpg,Student at University of Illinois at Urbana-Champaign,(415) 234-23232,"1 Front Street, Suite 2700",San Francisco HQ,San Francisco,CA,94111,US,37.791876,-122.398781,,International Insights,True,colin@gametime.co,2005-07-25,1983-06-17
Cindi,Huang,cindi@gametime.co,https://media.licdn.com/media/p/3/005/039/1cb/0af0f30.jpg,Owner at Persistent Vision LLC,(415) 234-23232,"1 Front Street, Suite 2700",San Francisco HQ,San Francisco,CA,94111,US,37.791876,-122.398781,,Enterprise Marketing,False,max@gametime.co,2009-11-26,1971-08-09
Caroline,Rubin,caroline@gametime.co,https://media.licdn.com/media/p/1/000/287/130/37c052c.jpg,Trust and Saftey Manager at Gametime United,(415) 234-23232,"1 Front Street, Suite 2700",San Francisco HQ,San Francisco,CA,94111,US,37.791876,-122.398781,,Assitant Strategy,True,michael@gametime.co,2013-01-12,1976-05-16
